stt,Gender,Class,Grade_level,school_type,Sib,fa_job,mo_job,income,exam,Self_evaluation,English,Lh_before_Cov,Lh_in_Cov,Total_Online,LHInstruction,LH_w_Instruction,onl_instr,onl_noninstr,Total_offline,off_instr,off_noninstr,nec_prog,nec_habit,nec_teacher,nec_parent,nec_sib,nec_friend,eff_moti,eff_con,eff_supp,eff_env,eff_obj,eff_resource,eff_friend,kno_med,kno_covid,kno_env,kno_soci,kno_elearn
1,1,4,1,2,2,1,2,2,5,3,3,1,1,2,0,4,0,2,2,0,2,4,4,4,5,4,4,3,4,5,4,3,4,4,5,5,4,3,2
2,2,4,1,2,3,1,2,3,5,4,3,1,1,0,0,0,0,0,0,0,0,4,4,4,4,4,4,4,3,2,4,3,4,4,4,4,4,4,2
3,1,4,1,2,2,2,2,2,2,2,2,1,2,1,0,5,0,1,4,0,4,3,3,4,4,4,3,2,2,2,4,3,4,2,4,4,4,4,3
4,2,4,1,2,2,1,2,3,2,3,3,1,2,5,0,10,0,5,5,0,5,4,4,3,3,3,3,4,4,3,4,4,4,4,5,5,4,3,3
5,3,4,1,2,2,1,2,2,5,3,3,1,1,1,0,3,0,1,2,0,2,5,5,4,5,3,4,3,2,2,5,4,5,3,5,5,4,3,2
6,1,4,1,2,1,1,2,4,2,2,3,1,1,0,2,1,0,0,3,2,1,4,4,4,4,4,4,3,3,4,4,2,4,2,4,4,4,4,2
7,2,4,1,2,2,2,2,4,5,3,4,2,1,1,0,2,0,1,1,0,1,5,5,4,2,2,3,4,5,4,4,5,5,5,4,4,3,3,2
8,2,4,1,2,2,1,2,3,2,3,3,2,3,4,4,6,1,3,6,3,3,4,4,4,4,4,4,4,4,4,4,4,4,4,4,4,3,3,4
9,2,4,1,2,3,2,1,3,2,2,2,1,1,1,2,1,0,1,2,2,0,5,5,4,4,4,4,5,2,3,2,5,4,1,5,5,2,2,2
10,2,6,2,2,4,2,2,5,6,3,4,2,2,3,3,1,3,0,1,0,1,4,5,3,4,3,3,5,4,3,2,4,4,2,4,4,4,4,4
11,2,4,1,2,2,4,4,2,6,3,3,2,2,6,2,4,2,4,0,0,0,4,4,2,2,2,2,4,4,2,4,4,4,4,4,4,2,2,4
12,2,4,1,2,2,2,2,3,5,3,2,2,1,1,1,3,0,1,3,1,2,4,4,4,4,4,4,3,3,2,3,3,3,4,4,4,4,4,4
13,2,4,1,2,1,2,2,6,5,3,3,2,1,2,0,4,0,2,2,0,2,3,3,4,4,3,3,3,3,4,4,3,4,3,3,3,4,4,2
14,2,6,2,2,2,2,2,3,5,3,4,2,3,11,0,22,0,11,11,0,11,1,1,1,1,1,4,1,1,1,1,1,1,4,1,1,1,1,4
15,2,4,1,2,2,1,2,3,5,3,3,1,1,0,0,2,0,0,2,0,2,5,5,4,4,5,5,4,4,4,4,2,4,2,3,4,4,4,2
16,1,5,2,1,2,3,3,2,5,3,3,3,3,2,2,6,0,2,6,2,4,3,3,4,3,2,4,4,4,4,3,3,3,4,4,5,3,3,4
17,2,4,1,2,2,2,2,2,5,3,2,1,2,6,1,11,1,5,6,0,6,5,5,4,4,4,4,5,4,3,3,5,4,4,4,4,4,4,4
18,2,4,1,2,3,2,2,2,5,3,2,1,1,1,0,2,0,1,1,0,1,4,5,5,5,4,3,3,3,3,3,4,4,4,3,3,3,3,3
19,2,4,1,2,3,2,2,6,5,3,3,1,1,0,0,0,0,0,0,0,0,1,1,4,4,4,4,1,1,1,1,1,1,1,4,3,3,3,3
20,2,6,2,2,2,2,2,2,2,3,3,2,3,8,1,15,1,7,8,0,8,5,5,3,3,1,1,4,4,2,4,4,3,1,2,2,2,2,2
21,1,4,1,2,3,3,3,2,1,3,4,1,1,2,0,4,0,2,2,0,2,4,4,3,2,2,2,3,4,2,2,3,3,2,4,4,2,2,2
22,2,1,1,3,4,2,2,3,3,3,2,1,2,1,3,1,0,1,3,3,0,5,4,5,4,4,4,3,3,4,3,4,4,3,4,4,2,2,4
23,2,4,1,2,2,1,2,2,2,2,2,1,2,2,2,2,2,0,2,0,2,4,4,4,4,4,4,3,3,4,4,4,4,3,4,4,4,4,4
24,3,4,1,2,2,2,2,3,5,4,4,1,1,2,1,3,1,1,2,0,2,4,4,3,3,3,4,2,3,3,4,3,4,4,4,4,4,4,2
25,2,4,1,2,2,1,2,2,2,3,3,1,1,0,0,0,0,0,0,0,0,4,4,4,4,3,3,4,3,4,4,3,4,3,4,4,4,4,3
26,1,4,1,2,3,2,2,2,5,1,1,1,2,3,0,5,0,3,2,0,2,5,5,5,5,2,2,5,3,1,1,1,5,5,5,5,5,5,5
27,2,6,2,3,2,3,3,3,5,3,2,2,3,10,9,9,6,4,8,3,5,4,4,4,4,4,4,4,4,4,4,4,4,4,4,4,4,4,4
28,2,6,2,3,2,2,4,4,5,2,3,1,1,1,2,2,0,1,3,2,1,3,3,3,3,3,3,3,3,4,4,4,4,4,4,4,4,4,4
29,2,4,1,2,2,2,2,5,5,4,4,1,1,2,0,3,0,2,1,0,1,4,4,4,4,1,1,4,3,3,4,4,4,2,4,4,3,3,3
30,1,2,1,3,2,4,2,2,6,2,2,2,2,2,2,2,1,1,2,1,1,4,4,4,4,4,4,4,4,4,4,4,4,4,3,4,3,3,3
31,2,6,2,2,3,2,2,4,5,4,4,2,3,10,0,10,0,10,0,0,0,4,5,3,3,3,3,4,4,3,3,2,4,3,3,5,4,4,3
32,1,3,1,3,2,4,4,6,2,2,3,1,2,7,0,14,0,7,7,0,7,4,4,1,1,1,1,3,4,2,3,3,4,2,5,5,5,5,5
33,1,1,1,3,4,1,2,2,1,3,2,1,2,4,0,5,0,4,1,0,1,3,4,5,4,1,1,3,2,2,5,1,5,2,1,1,1,1,5
34,2,6,2,3,1,2,2,6,6,2,3,1,2,1,1,3,1,0,3,0,3,4,4,4,4,4,5,5,5,5,5,5,5,5,5,5,5,5,5
35,2,4,1,2,1,2,2,2,2,3,3,3,3,10,1,18,1,9,9,0,9,4,4,2,4,2,2,3,3,3,3,4,4,3,4,4,2,2,2
36,2,4,1,2,2,2,2,5,5,4,4,1,1,2,0,3,0,2,1,0,1,4,4,4,4,1,1,4,3,3,4,4,4,2,4,4,3,3,3
37,1,4,1,2,1,4,2,5,4,3,3,1,1,2,0,4,0,2,2,0,2,4,4,2,2,2,2,4,4,2,2,2,2,2,4,4,2,2,2
38,1,1,1,3,2,1,2,1,3,3,4,1,2,5,5,5,2,3,5,3,2,5,5,5,5,5,4,5,5,5,5,5,4,4,5,3,4,5,5
39,2,4,1,1,4,3,4,2,1,2,2,1,1,1,1,2,1,0,2,0,2,5,5,4,4,4,4,3,3,3,4,3,4,3,4,4,4,4,4
40,3,6,2,2,3,1,2,6,5,3,3,1,1,1,0,3,0,1,2,0,2,4,4,3,3,3,3,2,3,3,4,3,3,3,4,4,4,3,3
41,2,4,1,2,2,2,2,4,2,3,3,1,2,0,0,7,0,0,7,0,7,4,4,3,2,2,2,3,3,2,4,4,2,4,4,3,2,2,3
42,1,4,1,1,2,1,2,1,5,4,4,1,2,3,0,6,0,3,3,0,3,5,5,4,4,4,5,5,4,5,5,5,5,5,5,5,4,5,3
43,2,1,1,3,2,2,2,4,6,2,4,2,2,2,2,0,2,0,0,0,0,1,3,3,4,4,4,3,4,4,1,3,3,1,2,2,3,3,3
44,1,4,1,1,2,2,4,3,2,3,3,1,1,2,2,2,1,1,2,1,1,4,3,3,4,3,3,3,4,3,3,3,3,4,2,3,2,2,3
45,2,4,1,2,2,2,1,3,5,3,3,1,1,0,0,2,0,0,2,0,2,4,4,4,4,3,3,4,3,3,4,3,3,3,4,4,4,4,2
46,2,4,1,2,2,1,2,3,5,3,3,1,1,0,0,3,0,0,3,0,3,4,4,4,4,4,4,2,2,3,4,1,3,4,4,4,4,4,4
47,2,1,1,3,4,1,2,4,6,4,3,1,2,2,2,3,1,1,3,1,2,4,4,4,4,4,3,4,3,3,4,3,4,4,3,3,3,3,4
48,2,4,1,2,3,2,2,5,5,3,4,1,1,1,0,2,0,1,1,0,1,1,1,4,4,3,5,1,1,1,1,1,5,1,5,4,1,1,1
49,2,4,1,2,3,2,2,4,6,3,3,2,3,4,0,9,0,4,5,0,5,5,5,5,5,3,4,4,3,2,5,5,5,3,5,5,4,2,3
50,1,5,2,3,4,2,2,3,1,3,2,1,1,1,9,0,1,0,8,8,0,5,5,5,5,5,5,3,2,4,2,1,1,1,5,5,4,4,1
51,1,4,1,2,4,1,2,4,2,3,4,1,2,6,0,12,0,6,6,0,6,4,5,4,4,1,4,5,4,4,4,4,4,5,5,5,3,3,5
52,1,4,1,2,2,2,2,5,4,3,4,2,3,10,0,12,0,10,2,0,2,4,4,5,5,5,5,5,4,4,2,4,5,5,4,5,3,3,3
53,2,6,2,2,4,3,2,3,5,3,3,2,3,11,0,22,0,11,11,0,11,5,5,5,4,4,4,5,5,4,5,5,4,4,5,5,5,5,4
54,1,2,1,3,2,4,2,6,4,3,3,1,3,2,0,2,0,2,0,0,0,5,5,5,5,5,5,5,5,5,5,5,5,5,5,5,5,5,5
55,1,4,1,2,2,1,3,3,2,2,3,2,2,2,0,5,0,2,3,0,3,4,4,4,4,3,4,3,4,4,3,2,3,3,4,4,4,4,3
56,2,4,1,2,2,2,2,2,5,3,3,1,1,3,0,6,0,3,3,0,3,5,5,5,5,5,5,4,4,5,5,3,5,4,5,5,4,3,2
57,2,4,1,2,3,1,2,4,5,3,3,1,2,4,3,2,3,1,1,0,1,4,4,4,4,3,3,3,4,4,2,3,4,4,4,4,3,5,4
58,2,6,2,2,1,1,3,3,4,2,4,1,1,0,0,1,0,0,1,0,1,5,4,1,3,1,2,3,4,2,5,4,2,3,2,3,3,3,3
59,1,1,1,1,3,2,2,4,5,3,3,1,2,4,1,7,0,4,4,1,3,4,4,5,3,3,2,4,4,4,4,4,4,2,2,3,3,3,3
60,1,4,1,2,1,2,2,6,6,3,3,1,1,3,4,6,0,3,7,4,3,5,5,5,5,3,3,5,3,4,1,3,3,3,5,5,3,3,5
61,2,5,2,1,1,1,3,1,5,3,2,3,2,5,0,5,0,5,0,0,0,4,4,4,4,4,4,4,4,4,4,4,4,4,4,4,4,4,4
62,1,4,1,2,2,1,1,4,2,2,2,2,2,6,1,10,1,5,5,0,5,4,4,4,4,4,3,3,3,2,2,4,4,3,4,4,3,3,4
63,2,6,2,2,2,3,2,5,5,3,4,1,2,0,3,2,0,0,5,3,2,4,4,4,4,4,4,4,2,3,3,4,4,2,4,4,2,2,2
64,2,5,2,1,1,4,1,1,5,3,3,1,1,2,0,4,0,2,2,0,2,5,5,5,5,5,5,3,4,4,2,3,3,3,5,5,5,5,5
65,2,6,2,2,1,2,3,2,5,3,3,3,3,9,0,18,0,9,9,0,9,4,5,4,5,3,4,5,4,4,3,5,3,2,4,3,3,3,2
66,1,4,1,2,2,4,3,3,6,3,3,1,2,2,0,6,0,2,4,0,4,5,5,4,4,4,5,3,2,4,3,3,5,2,5,5,5,5,2
67,2,4,1,3,4,2,2,6,5,3,3,2,2,0,0,4,0,0,4,0,4,3,3,4,4,2,2,2,2,2,3,3,2,2,4,4,3,2,3
68,2,5,2,1,2,2,4,1,4,3,3,1,1,2,0,3,0,2,1,0,1,4,4,3,3,3,2,2,3,4,4,3,3,4,4,4,4,4,3
69,3,5,2,1,4,3,4,1,2,3,4,1,2,4,3,7,1,3,6,2,4,3,4,5,4,2,4,3,2,5,4,3,4,5,4,4,4,4,4
70,1,2,1,3,3,2,3,3,6,2,2,1,1,0,0,2,0,0,2,0,2,5,4,3,3,3,4,3,3,3,3,3,3,3,3,3,3,3,3
71,2,5,2,1,2,3,4,1,6,3,2,2,2,0,0,5,0,0,5,0,5,4,4,4,4,4,4,4,4,4,3,4,4,4,4,4,4,4,4
72,2,5,2,1,3,1,4,1,6,3,2,1,1,1,1,2,0,1,2,1,1,4,4,4,4,4,4,4,4,4,4,4,4,4,4,4,4,4,2
73,1,5,2,1,2,4,3,1,5,2,2,1,1,0,0,3,0,0,3,0,3,4,4,4,4,4,4,4,4,4,4,4,4,4,4,4,4,4,3
74,2,4,1,2,2,1,4,2,5,3,3,1,2,2,1,3,1,1,2,0,2,4,3,4,4,4,3,3,3,4,4,4,4,3,4,4,4,4,4
75,1,5,2,1,2,3,3,1,4,2,3,1,1,0,0,0,0,0,0,0,0,3,4,2,5,2,2,1,1,1,1,1,1,1,4,4,4,4,4
76,3,4,1,3,2,2,2,4,4,2,3,1,1,2,0,4,0,2,2,0,2,4,3,4,4,3,3,5,5,2,5,5,3,3,5,5,5,5,3
77,1,2,1,1,4,3,3,2,1,3,3,1,1,2,1,2,1,1,1,0,1,5,5,5,5,5,5,5,5,5,5,5,5,3,4,4,4,4,4
78,2,4,1,1,3,2,2,4,3,4,3,1,2,6,0,12,0,6,6,0,6,4,4,4,5,4,3,5,4,4,5,5,4,3,5,5,4,4,5
79,3,6,2,3,2,2,2,2,6,3,2,2,2,5,3,4,2,3,2,1,1,4,4,4,4,4,4,4,4,4,4,4,4,4,4,4,4,4,4
80,2,5,2,1,3,3,4,1,2,2,2,1,2,4,1,6,0,4,3,1,2,3,4,4,3,3,3,4,2,2,2,4,4,2,4,4,4,4,4
82,2,4,1,2,3,1,2,3,5,4,3,1,1,2,0,3,0,2,1,0,1,4,4,4,4,4,4,3,4,4,4,3,4,4,4,5,3,4,5
83,2,5,2,1,4,4,4,1,1,2,2,2,2,6,4,6,2,4,4,2,2,4,4,4,4,4,4,4,4,5,4,4,4,4,4,4,4,4,3
84,2,1,1,3,3,2,3,3,4,3,3,1,1,30,0,31,0,30,1,0,1,3,4,4,4,4,4,3,3,4,4,4,3,3,5,4,4,4,4
85,1,4,1,1,2,2,2,2,2,2,3,1,2,0,0,0,0,0,0,0,0,5,5,3,4,3,3,5,5,4,5,5,3,3,4,5,3,3,3
86,1,1,1,1,1,1,2,2,1,3,3,1,1,6,3,3,3,3,0,0,0,4,3,4,4,4,4,3,4,4,3,3,2,3,4,4,4,4,4
87,2,4,1,2,4,3,3,2,3,3,2,1,1,1,1,2,1,0,2,0,2,5,4,4,4,4,4,4,4,4,4,5,4,4,5,5,4,4,4
88,2,5,2,1,2,4,3,1,4,2,2,1,1,3,2,4,1,2,3,1,2,5,5,4,3,3,3,4,4,2,2,4,4,4,4,4,4,4,3
89,1,4,1,2,2,2,2,3,6,3,3,1,1,0,0,0,0,0,0,0,0,4,3,4,5,2,4,3,3,5,3,3,4,4,4,4,4,3,3
90,1,5,2,3,2,1,2,3,1,2,2,1,1,3,0,6,0,3,3,0,3,5,4,1,1,1,1,4,4,1,4,4,4,1,3,3,3,3,3
91,1,1,1,3,4,3,1,6,1,2,2,1,1,0,1,1,0,0,2,1,1,5,5,5,5,5,5,5,5,5,5,5,5,5,5,5,5,5,5
92,2,5,2,1,2,2,4,3,5,3,3,1,1,1,0,2,0,1,1,0,1,5,5,5,5,5,5,4,4,2,4,3,4,4,5,5,5,5,5
93,2,2,1,1,3,2,2,3,3,4,4,1,3,5,1,8,1,4,4,0,4,4,4,4,4,1,1,5,5,2,5,5,5,3,4,4,4,4,4
94,1,4,1,2,2,2,1,2,5,2,2,1,2,2,0,5,0,2,3,0,3,5,5,4,4,4,4,5,2,4,4,4,3,2,1,1,1,1,1
95,2,6,2,2,2,2,2,5,5,3,4,1,1,0,0,1,0,0,1,0,1,4,4,3,2,2,3,3,3,2,3,2,3,3,4,4,3,2,2
96,1,5,2,1,4,3,4,2,3,3,1,2,1,1,0,2,0,1,1,0,1,4,4,2,3,5,1,2,3,3,4,1,2,3,4,5,4,4,3
97,1,4,1,2,2,2,2,3,5,3,3,3,2,3,1,6,1,2,4,0,4,4,4,4,4,4,4,4,4,4,4,4,4,4,5,4,4,4,4
98,2,5,2,1,1,4,4,1,4,3,2,1,1,1,1,0,1,0,0,0,0,4,4,4,4,4,4,3,3,3,2,3,3,2,3,3,3,3,3
99,1,4,1,2,2,1,2,2,5,2,2,1,2,1,0,7,0,1,6,0,6,4,4,4,4,4,4,4,3,2,4,4,3,2,4,4,4,4,3
100,1,5,2,1,1,2,2,6,1,4,2,1,1,0,0,0,0,0,0,0,0,2,2,4,4,4,4,4,4,4,4,4,4,4,4,4,4,4,4
101,2,4,1,2,2,1,2,2,5,3,3,2,3,1,0,10,0,1,9,0,9,5,5,2,4,2,4,4,4,3,2,3,4,4,4,4,4,4,2
102,2,5,2,1,3,3,4,2,4,3,2,1,1,1,0,3,0,1,2,0,2,4,4,4,4,3,4,4,4,4,4,4,3,3,4,4,3,3,3
103,1,5,2,1,4,3,1,2,3,3,2,2,2,5,0,7,0,5,2,0,2,4,4,3,4,3,3,4,4,3,3,4,4,4,4,4,3,3,3
104,2,5,2,1,4,1,4,2,1,3,3,1,1,1,0,1,0,1,0,0,0,4,4,3,3,3,2,3,4,3,4,3,4,3,4,3,3,3,4
106,2,5,2,1,2,1,2,2,5,3,2,2,2,4,1,6,1,3,3,0,3,3,4,4,4,4,4,4,3,4,3,4,4,4,4,4,4,4,4
107,1,4,1,1,1,2,2,6,6,3,1,1,1,0,0,0,0,0,0,0,0,3,4,4,3,3,3,4,3,3,4,4,4,4,3,3,3,3,3
108,2,4,1,2,4,1,2,4,5,4,4,2,3,0,0,10,0,0,10,0,10,5,5,2,2,2,2,5,5,2,5,5,5,2,5,5,5,5,2
109,2,4,1,2,2,2,4,4,5,3,3,1,2,4,0,8,0,4,4,0,4,4,1,1,1,4,4,4,1,4,4,4,1,1,1,1,4,4,4
110,1,5,2,1,1,1,4,1,6,3,2,1,1,0,0,0,0,0,0,0,0,4,3,4,4,3,2,3,2,4,4,2,1,4,4,5,4,4,3
111,2,1,1,1,2,1,2,4,6,4,4,2,2,7,0,7,0,7,0,0,0,5,5,5,5,5,3,4,4,4,4,4,4,3,5,5,4,3,3
112,2,6,2,2,1,2,2,3,2,3,3,1,1,0,0,0,0,0,0,0,0,5,5,3,4,3,2,2,2,3,4,3,3,2,3,4,3,4,2
113,1,5,2,1,1,2,2,2,6,2,3,1,1,1,1,2,0,1,2,1,1,3,3,3,3,3,3,3,3,3,3,3,3,3,4,4,4,4,4
114,2,4,1,2,2,1,2,2,5,3,3,1,1,1,0,3,0,1,2,0,2,5,5,4,4,3,4,4,5,4,5,3,5,4,5,5,4,4,4
115,1,5,2,1,1,1,2,2,2,2,2,2,1,3,0,6,0,3,3,0,3,4,4,4,4,4,4,3,3,4,4,3,4,4,4,4,4,4,4
116,2,6,2,2,2,1,1,2,2,3,2,1,1,0,0,0,0,0,0,0,0,1,1,5,5,5,3,1,2,3,3,4,4,4,4,3,3,3,3
117,2,4,1,2,2,2,2,6,5,3,3,1,1,2,1,4,0,2,3,1,2,4,4,4,4,2,3,4,4,4,4,4,4,4,4,4,3,3,4
118,1,4,1,2,2,2,4,2,5,3,3,1,2,3,0,6,0,3,3,0,3,4,5,4,5,2,3,4,4,4,5,5,5,5,5,5,4,3,2
119,1,3,1,1,2,2,2,3,1,3,3,2,3,6,2,6,2,4,2,0,2,3,5,3,5,5,3,4,5,5,5,4,4,1,5,5,1,1,5
120,1,1,1,3,4,3,2,3,6,3,2,1,1,2,1,1,1,1,0,0,0,3,3,5,4,3,2,3,4,4,4,3,2,3,5,3,3,3,3
121,1,5,2,1,4,1,1,3,1,3,2,1,2,0,0,5,0,0,5,0,5,4,5,3,5,3,4,5,3,4,3,5,4,5,4,4,2,2,3
122,1,4,1,2,1,1,4,2,5,4,4,2,1,2,0,4,0,2,2,0,2,5,5,5,5,5,5,4,4,4,4,4,4,4,5,5,2,2,2
123,2,4,1,2,3,2,2,3,5,3,3,1,2,0,0,5,0,0,5,0,5,4,4,4,4,4,3,3,4,3,4,3,4,4,4,4,3,3,3
124,1,1,1,3,2,1,2,2,2,3,2,2,2,4,1,6,1,3,3,0,3,5,5,4,4,3,3,5,5,5,5,5,5,3,5,4,5,5,3
125,2,4,1,2,2,1,2,4,5,3,4,1,2,2,2,2,1,1,2,1,1,4,4,5,5,3,3,3,4,4,4,3,3,3,4,4,3,3,3
126,2,5,2,3,3,2,2,2,5,2,1,1,1,2,1,2,1,1,1,0,1,3,3,5,5,3,3,3,2,2,2,2,2,2,4,5,5,5,3
127,2,6,2,2,2,1,2,3,5,3,4,1,3,2,1,8,0,2,7,1,6,4,3,3,2,2,3,3,2,2,4,4,4,4,3,3,4,4,4
128,2,4,1,2,2,1,1,3,3,3,3,2,2,3,0,7,0,3,4,0,4,4,4,4,4,4,4,4,4,4,4,4,3,4,3,3,4,4,3
129,2,1,1,3,4,2,2,5,5,2,2,2,1,4,4,8,1,3,8,3,5,4,4,4,4,3,4,4,3,4,4,4,4,5,1,1,1,1,2
130,3,4,1,3,3,1,2,1,5,2,2,1,2,6,0,12,0,6,6,0,6,4,4,3,3,3,3,2,2,4,3,3,4,4,3,3,3,3,3
131,1,1,1,2,2,1,2,2,1,3,3,1,1,1,2,1,0,1,2,2,0,5,5,4,4,4,4,4,3,5,4,3,5,2,4,5,4,2,2
132,2,5,2,3,4,1,1,3,5,2,2,1,1,2,2,0,2,0,0,0,0,3,3,4,4,4,4,4,4,4,3,4,3,4,4,4,4,4,4
133,1,5,2,1,2,3,3,1,6,2,3,1,1,3,0,6,0,3,3,0,3,3,3,4,3,3,3,3,3,3,3,3,3,3,3,3,3,3,3
134,2,5,2,1,2,3,3,3,2,3,2,1,1,1,0,1,0,1,0,0,0,3,4,4,4,4,4,4,3,3,3,4,4,4,4,4,4,4,4
135,2,5,2,1,2,1,4,2,4,2,2,1,2,3,3,1,3,0,1,0,1,4,4,4,4,4,4,4,4,4,4,4,4,4,5,5,5,5,5
136,1,1,1,3,2,1,2,6,6,2,4,1,2,2,1,1,1,1,0,0,0,4,5,5,4,3,3,4,4,4,5,5,4,3,4,3,5,5,4
137,2,4,1,2,1,1,2,6,5,4,4,2,1,0,0,3,0,0,3,0,3,5,5,4,4,2,2,4,5,3,5,5,5,2,5,5,3,3,5
138,2,4,1,2,2,2,2,3,2,3,4,1,2,5,0,10,0,5,5,0,5,4,4,2,2,2,2,2,2,2,3,3,4,3,4,4,2,2,2
139,1,5,2,1,2,3,4,1,5,2,2,3,3,6,8,6,4,2,8,4,4,4,4,4,4,4,4,3,3,3,3,3,3,3,3,3,3,3,3
140,1,1,1,3,2,1,2,3,1,3,3,3,2,4,3,5,3,1,4,0,4,4,3,4,4,3,3,4,4,4,5,4,3,5,4,4,5,5,4
141,2,5,2,1,2,1,3,1,1,3,1,1,2,4,0,8,0,4,4,0,4,4,4,3,3,3,3,3,3,4,4,3,4,2,3,3,3,3,3
142,1,2,1,3,2,3,2,5,6,2,3,1,1,2,2,2,1,1,2,1,1,3,3,5,5,3,1,2,2,4,3,1,3,1,1,1,1,1,1
143,1,1,1,1,2,2,2,4,6,4,3,1,1,0,1,1,0,0,2,1,1,5,4,4,4,4,4,3,3,4,4,4,3,3,4,4,3,3,4
144,2,5,2,1,2,3,3,1,6,3,2,1,2,0,0,3,0,0,3,0,3,4,3,4,4,4,4,4,3,4,4,4,4,4,4,4,4,4,4
145,2,5,2,1,4,3,3,1,5,3,2,1,1,2,1,2,1,1,1,0,1,4,4,4,4,4,4,4,4,4,4,4,4,4,4,4,4,4,4
146,2,4,1,2,2,2,2,1,5,3,3,1,1,1,0,2,0,1,1,0,1,4,3,3,3,3,3,3,4,3,4,3,3,2,4,4,3,3,3
147,2,2,1,3,3,1,2,5,1,4,4,2,2,5,0,7,0,5,2,0,2,5,5,4,4,1,3,4,4,1,4,4,4,1,1,1,1,1,1
148,2,5,2,3,2,1,2,2,6,2,3,1,1,3,1,5,1,2,3,0,3,4,4,4,4,2,1,3,2,3,4,3,4,3,4,4,4,4,3
150,2,1,1,3,2,1,2,4,1,3,3,1,1,2,0,3,0,2,1,0,1,4,4,4,4,4,4,3,4,2,4,4,3,3,4,3,3,4,4
151,2,5,2,2,3,1,2,6,3,3,2,1,1,0,0,1,0,0,1,0,1,4,3,2,2,2,2,4,4,2,3,4,4,2,4,4,3,4,3
152,1,1,1,3,4,2,2,1,3,3,3,1,2,3,3,6,0,3,6,3,3,3,4,5,5,5,5,3,4,2,3,3,2,4,5,5,5,5,5
153,2,1,1,3,4,2,2,3,6,2,2,1,1,2,2,2,1,1,2,1,1,2,3,3,3,3,2,2,2,3,2,4,4,4,3,3,3,4,3
154,1,1,1,3,2,1,2,2,3,3,2,2,1,4,4,4,2,2,4,2,2,4,3,5,5,5,4,4,4,5,4,3,3,5,4,4,4,4,4
155,1,1,1,3,1,2,2,5,5,4,3,1,2,4,2,4,2,2,2,0,2,4,4,4,4,4,4,4,3,4,3,4,4,3,4,4,3,3,4
156,1,1,1,3,2,4,4,2,6,4,3,1,1,2,1,2,1,1,1,0,1,5,4,5,5,4,5,4,3,4,5,3,5,2,4,2,4,5,5
157,2,6,2,3,3,1,3,4,1,3,2,1,1,0,0,0,0,0,0,0,0,1,3,4,4,4,4,2,4,4,3,3,3,3,4,4,3,3,3
158,2,5,2,1,4,1,4,1,6,2,1,2,2,3,3,4,1,2,4,2,2,4,4,4,4,4,4,4,4,4,4,4,4,4,4,4,4,4,4
159,2,4,1,2,2,1,2,3,6,2,3,1,1,2,0,3,0,2,1,0,1,3,3,4,4,4,4,3,4,3,3,3,3,2,4,4,3,3,2
160,1,1,1,3,2,2,2,2,2,3,4,1,2,4,1,5,1,3,2,0,2,4,3,4,5,3,3,3,4,5,3,2,5,4,4,5,4,4,5
161,1,1,1,3,2,2,2,3,2,2,4,2,2,6,3,10,1,5,7,2,5,3,4,1,2,2,2,5,5,5,5,5,5,5,5,5,5,5,5
162,3,5,2,1,2,1,3,6,5,2,2,1,1,0,0,0,0,0,0,0,0,4,3,4,4,3,2,2,2,4,3,3,4,4,3,4,4,4,3
163,2,1,1,1,4,1,1,3,1,3,2,1,1,8,7,7,4,4,6,3,3,4,4,4,4,4,4,4,4,4,4,3,3,3,4,4,4,4,4
164,1,4,1,2,2,2,2,3,2,3,3,1,2,3,2,3,0,3,2,2,0,4,4,5,5,5,3,3,4,5,5,4,4,5,4,5,4,3,4
165,2,4,1,2,1,2,2,3,5,3,3,1,2,1,1,4,1,0,4,0,4,5,5,4,4,4,4,3,4,3,5,4,5,4,5,5,4,4,3
166,2,3,1,1,2,2,2,4,5,3,3,1,1,0,0,0,0,0,0,0,0,4,4,4,4,4,4,3,3,3,2,2,2,4,4,4,3,3,2
167,2,5,2,1,2,4,3,2,5,2,1,1,1,0,1,2,0,0,3,1,2,1,1,3,1,2,3,1,1,1,3,1,2,2,1,1,1,1,3
168,1,4,1,2,2,2,2,3,5,3,4,1,1,0,0,0,0,0,0,0,0,5,5,4,5,3,1,4,2,4,3,4,4,3,5,5,5,3,3
169,2,4,1,2,2,2,2,3,5,3,3,2,3,1,3,5,1,0,7,2,5,4,4,4,4,4,4,3,3,3,4,3,4,4,4,4,3,3,4
170,2,5,2,3,2,4,2,2,5,2,2,1,1,2,1,1,1,1,0,0,0,3,4,3,3,3,3,3,3,3,3,3,3,3,4,4,4,4,3
171,2,1,1,2,2,1,1,3,1,3,3,2,3,3,0,8,0,3,5,0,5,4,5,5,5,5,5,5,5,5,5,5,5,5,4,4,4,4,4
172,1,2,1,3,2,4,2,2,6,2,1,1,2,4,7,6,0,4,9,7,2,4,4,3,3,3,3,4,2,2,1,1,1,3,4,4,4,4,4
173,1,4,1,1,2,3,4,1,2,2,3,2,2,2,2,0,2,0,0,0,0,2,3,3,3,3,3,3,3,3,3,3,3,3,3,3,3,3,3
174,2,1,1,3,4,2,2,2,6,3,2,2,1,5,3,8,1,4,6,2,4,5,4,4,4,3,3,4,3,3,4,3,4,4,3,3,3,3,4
175,1,2,1,3,2,2,2,3,5,4,4,1,1,3,2,2,2,1,1,0,1,4,5,5,5,3,4,5,5,4,5,4,5,4,5,5,4,5,5
176,1,2,1,3,2,2,2,6,6,3,2,1,1,2,2,2,1,1,2,1,1,1,1,1,1,1,1,1,1,4,4,1,1,1,1,1,1,1,1
177,2,2,1,1,2,2,2,2,5,3,3,1,2,2,1,5,1,1,4,0,4,5,5,5,5,5,4,2,4,5,5,4,4,4,5,5,4,4,4
178,2,5,2,3,4,2,2,5,6,3,3,3,3,10,10,10,5,5,10,5,5,5,5,5,5,5,5,4,4,4,4,4,4,4,4,4,4,4,4
179,2,1,1,3,4,2,2,2,5,3,2,2,1,3,3,6,1,2,6,2,4,5,4,4,3,3,3,4,3,4,4,3,4,4,3,3,3,3,4
180,2,4,1,1,4,3,3,1,5,3,1,1,3,8,0,16,0,8,8,0,8,4,4,4,4,3,2,4,4,2,2,4,4,4,4,4,4,4,3
181,2,2,1,3,2,1,2,4,6,3,2,1,1,1,0,2,0,1,1,0,1,4,4,4,4,4,2,2,2,2,2,3,3,4,4,4,4,4,4
182,2,4,1,1,4,4,2,3,5,3,3,1,1,0,0,0,0,0,0,0,0,4,3,4,4,3,4,3,2,3,4,4,4,4,4,4,4,4,4
183,2,4,1,3,3,2,2,4,1,2,2,2,1,2,0,4,0,2,2,0,2,4,4,4,4,4,4,1,1,2,4,3,4,4,5,5,5,5,4
184,1,5,2,2,2,2,3,5,5,3,4,1,1,0,0,2,0,0,2,0,2,5,3,3,3,3,3,4,3,2,5,5,5,5,3,3,3,3,3
185,3,5,2,3,4,1,2,2,5,3,3,1,1,1,0,2,0,1,1,0,1,4,4,4,4,4,4,3,3,4,1,3,3,3,4,5,4,4,4
186,1,1,1,3,4,2,2,6,4,3,3,1,1,21,0,42,0,21,21,0,21,5,5,5,5,5,5,5,4,1,5,5,4,2,3,5,4,4,5
187,1,5,2,1,4,2,2,5,5,3,3,2,1,2,0,4,0,2,2,0,2,4,4,4,4,4,4,4,4,4,4,4,4,4,4,4,4,4,2
188,2,5,2,1,2,4,4,1,5,2,2,3,1,2,0,4,0,2,2,0,2,4,4,3,4,4,3,4,3,3,4,3,3,3,4,4,3,3,3
189,1,4,1,2,2,2,2,6,4,3,3,1,1,2,2,2,1,1,2,1,1,4,4,3,3,2,4,3,3,4,3,3,4,4,4,4,4,3,2
190,2,5,2,2,2,2,2,2,5,4,3,1,1,1,0,1,0,1,0,0,0,2,4,2,2,2,2,4,2,2,3,3,4,3,4,3,2,3,4
191,1,2,1,3,2,2,2,3,1,4,4,1,1,1,2,1,1,0,2,1,1,5,5,5,4,3,2,3,3,4,5,3,4,3,4,4,3,3,2
192,1,6,2,2,2,2,2,6,6,4,4,2,3,2,0,8,0,2,6,0,6,5,5,4,4,4,4,5,5,4,5,5,4,4,4,4,5,5,4
193,2,6,2,2,2,2,4,4,4,3,3,1,3,5,3,5,3,2,3,0,3,4,4,4,4,3,4,4,4,4,4,4,4,4,4,4,4,4,4
194,1,4,1,2,2,2,3,6,6,3,4,1,1,0,0,1,0,0,1,0,1,4,4,4,3,2,2,3,4,1,3,3,3,4,4,4,3,3,3
195,1,5,2,2,2,1,2,3,1,1,2,1,1,2,0,4,0,2,2,0,2,3,3,3,5,3,3,1,1,3,4,1,3,4,4,4,4,4,4
196,1,5,2,2,2,3,2,4,1,3,2,1,1,2,0,3,0,2,1,0,1,3,4,3,3,3,3,3,4,4,4,3,4,4,4,4,4,3,3
197,2,5,2,2,3,2,2,6,5,2,3,1,1,0,0,0,0,0,0,0,0,3,3,4,4,4,2,3,2,4,3,3,4,2,4,4,4,2,2
198,2,6,2,1,4,4,2,2,1,3,1,1,1,1,0,3,0,1,2,0,2,4,4,3,2,2,2,3,4,2,2,4,4,1,4,4,3,3,2
199,1,4,1,2,4,1,2,3,6,3,4,1,1,3,0,6,0,3,3,0,3,4,4,4,4,3,3,3,3,3,3,3,3,3,4,4,4,4,3
200,1,5,2,2,4,2,2,5,3,3,3,1,1,1,0,2,0,1,1,0,1,4,3,3,3,3,3,4,3,4,4,4,5,2,3,4,3,3,4
201,1,5,2,2,2,2,2,4,2,1,2,1,1,0,0,0,0,0,0,0,0,1,4,2,4,2,2,2,3,4,5,2,5,1,5,5,3,3,2
202,2,6,2,2,2,1,2,4,2,3,2,1,3,2,0,8,0,2,6,0,6,5,5,4,4,4,4,4,4,4,4,4,4,4,4,4,4,3,4
203,2,6,2,2,3,4,2,5,6,3,3,1,1,2,0,4,0,2,2,0,2,3,4,3,3,3,3,3,4,3,4,4,3,3,3,3,3,3,3
204,2,5,2,1,2,1,2,2,6,3,3,1,1,2,2,2,1,1,2,1,1,3,3,3,3,3,3,3,3,3,4,3,3,4,4,4,4,4,4
205,1,2,1,3,4,3,2,5,5,3,2,2,3,5,4,5,2,3,4,2,2,4,4,4,4,4,4,2,3,3,1,4,4,4,5,5,5,5,5
206,2,5,2,1,3,4,4,2,5,3,3,1,1,3,3,4,1,2,4,2,2,5,5,4,4,4,4,4,4,4,4,4,4,4,4,4,4,4,4
207,2,4,1,2,4,2,2,2,5,4,3,1,1,1,0,2,0,1,1,0,1,5,5,3,3,3,3,5,5,2,4,5,4,2,5,5,3,3,3
208,2,5,2,2,2,1,2,5,2,2,2,2,1,2,0,5,0,2,3,0,3,2,2,4,4,3,2,2,2,4,3,3,4,4,2,2,4,4,4
209,1,2,1,3,2,1,2,5,6,4,3,2,3,5,5,3,4,1,3,1,2,5,5,5,5,4,5,4,5,4,5,5,5,5,4,5,5,5,4
210,1,5,2,2,2,2,1,3,2,2,2,2,3,12,0,24,0,12,12,0,12,4,4,4,4,3,3,3,3,2,4,3,4,4,4,4,4,4,3
212,1,6,2,2,2,4,2,2,6,2,3,2,1,0,0,0,0,0,0,0,0,4,4,1,1,1,1,1,1,1,1,1,1,1,4,4,1,1,3
213,1,1,1,1,2,1,1,4,1,4,3,1,3,4,5,3,3,1,4,2,2,5,5,4,5,4,3,5,5,5,5,5,5,5,5,5,5,5,5
214,2,6,2,2,2,2,2,2,2,3,3,1,2,2,0,6,0,2,4,0,4,4,4,4,4,4,4,3,2,4,4,3,4,3,4,4,3,3,3
215,3,5,2,1,2,3,4,1,6,2,2,1,1,2,2,3,1,1,3,1,2,4,4,4,4,4,4,4,4,4,4,4,4,4,4,4,4,4,4
216,2,4,1,1,1,2,4,3,5,4,4,2,3,2,4,4,2,0,6,2,4,5,5,3,5,3,3,5,5,5,5,5,5,4,5,5,5,5,5
217,2,6,2,2,2,2,2,6,2,3,3,2,2,7,1,12,1,6,6,0,6,1,1,1,1,2,2,4,4,4,4,4,4,2,4,4,2,2,4
218,2,5,2,2,4,3,3,4,2,3,3,2,3,9,0,18,0,9,9,0,9,4,3,1,1,1,1,4,3,2,3,3,3,2,2,3,2,2,2
219,2,2,1,1,1,2,2,1,5,4,4,2,3,3,0,9,0,3,6,0,6,5,5,1,5,1,1,3,5,1,5,5,5,1,3,5,5,5,5
220,2,5,2,1,3,4,4,4,5,3,3,1,2,3,1,3,1,2,1,0,1,4,4,4,3,3,4,4,4,2,4,4,5,5,4,4,3,3,4
221,1,2,1,1,1,1,2,3,5,3,4,3,3,20,20,20,10,10,20,10,10,5,5,5,5,4,5,5,5,5,5,4,5,5,3,5,5,5,5
222,2,5,2,1,4,2,2,2,1,3,1,1,1,0,0,2,0,0,2,0,2,4,4,4,4,4,4,4,4,4,3,4,4,4,4,4,4,4,2
223,2,2,1,3,2,1,2,2,5,3,3,1,1,0,1,1,0,0,2,1,1,4,4,4,4,4,2,4,3,4,4,4,4,3,4,4,3,3,3
224,1,5,2,2,2,1,3,4,2,3,3,1,1,0,0,1,0,0,1,0,1,4,3,4,3,3,3,2,2,2,4,2,4,5,5,5,5,5,5
225,2,5,2,2,2,1,2,2,1,3,2,1,2,1,0,4,0,1,3,0,3,5,5,4,3,3,3,3,4,2,4,3,4,3,5,4,3,3,4
226,1,3,1,4,1,2,1,3,5,2,2,2,3,8,3,5,3,5,0,0,0,4,4,4,4,3,3,4,3,4,4,4,4,3,4,4,4,4,4
227,1,6,2,2,1,1,2,3,3,3,4,2,2,3,3,8,0,3,8,3,5,4,4,3,5,1,1,4,4,2,3,3,3,1,5,5,5,5,1
228,2,5,2,1,2,2,1,3,2,3,3,1,2,3,3,2,1,2,2,2,0,3,4,1,1,1,1,3,4,4,3,4,4,4,4,4,4,4,4
229,1,5,2,2,2,1,2,6,5,2,2,2,3,9,11,7,7,2,9,4,5,5,5,5,5,5,5,5,5,5,5,5,5,5,5,5,5,5,5
230,2,1,1,3,2,1,2,4,3,3,3,1,2,4,2,4,1,3,2,1,1,5,5,4,4,4,4,4,4,5,4,3,4,4,3,3,2,2,4
231,1,1,1,3,2,1,2,2,1,2,2,1,2,5,3,2,3,2,0,0,0,4,4,4,3,3,3,4,4,4,3,3,3,2,3,4,3,3,2
232,1,1,1,1,2,1,2,2,1,3,2,2,2,4,5,2,3,1,3,2,1,3,4,5,5,4,4,5,3,4,4,5,5,2,3,5,5,5,2
233,2,6,2,2,2,2,2,4,5,3,3,1,2,2,2,3,2,0,3,0,3,5,4,4,4,4,4,4,3,4,4,4,4,4,4,4,4,4,3
234,2,2,1,3,2,2,2,4,3,3,3,1,2,5,0,7,0,5,2,0,2,4,5,3,3,3,3,4,4,3,5,5,5,5,5,5,5,5,5
235,2,1,1,1,2,2,1,5,5,3,3,1,1,3,3,2,2,1,2,1,1,4,4,4,3,3,3,3,3,4,4,4,3,3,4,4,3,3,4
236,1,5,2,2,2,1,2,2,2,2,1,1,1,0,0,1,0,0,1,0,1,5,5,4,4,4,4,4,3,2,4,3,3,3,4,4,4,4,3
237,1,1,1,2,2,1,1,2,1,3,3,1,2,3,2,2,2,1,1,0,1,5,5,3,4,1,1,4,4,5,5,4,5,3,4,4,3,3,4
238,2,5,2,2,3,1,2,6,2,3,3,1,2,3,1,6,1,2,4,0,4,4,4,3,3,3,4,3,4,3,4,4,4,3,4,4,4,4,4
239,2,1,1,3,4,2,2,3,6,3,3,2,3,7,0,9,0,7,2,0,2,5,5,5,4,3,2,4,3,4,5,5,4,3,4,4,3,3,5
240,1,1,1,3,4,1,1,2,1,2,3,1,1,1,1,0,1,0,0,0,0,4,3,3,5,3,3,3,3,3,3,3,3,3,5,5,5,5,3
241,2,5,2,1,2,3,4,1,6,3,4,1,1,2,0,4,0,2,2,0,2,4,4,3,4,4,4,5,5,3,4,5,5,1,1,1,1,1,1
242,1,1,1,1,4,2,3,2,1,3,2,1,1,0,2,1,0,0,3,2,1,5,5,5,5,2,1,1,1,5,1,1,1,1,1,4,4,1,1
243,2,4,1,1,2,3,3,6,5,3,1,1,1,10,1,9,1,9,0,0,0,4,4,4,4,3,4,4,4,4,4,4,4,4,4,4,4,4,4
244,2,4,1,1,2,3,2,2,4,3,2,1,1,0,1,1,0,0,2,1,1,4,4,4,4,4,4,4,4,4,4,3,4,4,4,4,4,4,4
245,1,4,1,1,1,3,2,1,6,2,2,1,1,0,2,0,0,0,2,2,0,3,3,4,4,3,2,2,2,2,3,3,3,4,4,4,4,4,3
246,1,6,2,1,1,1,2,4,5,4,3,3,3,10,2,18,2,8,10,0,10,4,4,3,3,3,4,4,4,4,4,3,4,4,3,4,4,3,4
247,2,4,1,1,2,4,4,2,5,3,3,1,1,0,0,1,0,0,1,0,1,4,3,3,3,3,3,4,3,4,4,4,4,3,4,4,4,4,4
248,2,4,1,1,2,3,3,2,4,3,1,1,1,0,0,0,0,0,0,0,0,4,4,2,4,4,4,4,4,4,4,4,4,4,4,4,3,3,3
249,2,6,2,1,4,3,3,1,5,2,2,1,1,0,1,2,0,0,3,1,2,4,4,4,4,4,4,3,3,3,3,3,3,3,4,4,3,3,3
250,2,6,2,1,2,3,3,1,5,2,2,1,1,0,0,0,0,0,0,0,0,3,4,4,4,4,4,4,3,4,3,3,2,2,5,4,4,4,4
251,2,6,2,1,2,2,2,3,5,3,3,1,1,0,1,2,0,0,3,1,2,4,4,4,3,1,4,3,3,3,4,3,4,3,4,4,3,3,4
252,2,4,1,1,2,2,2,4,5,2,2,1,1,3,0,6,0,3,3,0,3,4,4,4,4,4,4,3,3,3,3,3,3,3,4,4,4,3,3
253,2,4,1,1,2,1,3,2,5,3,2,1,1,0,2,2,0,0,4,2,2,4,4,4,3,2,2,3,3,2,4,2,5,5,4,4,4,3,4
254,2,6,2,1,2,2,2,2,2,3,2,1,1,2,1,2,1,1,1,0,1,3,3,3,3,3,3,4,4,4,4,3,3,3,4,4,4,4,4
255,2,4,1,1,2,3,2,1,5,2,3,1,2,2,1,2,1,1,1,0,1,1,1,1,1,1,1,1,3,1,2,1,3,2,1,1,1,1,1
256,1,6,2,2,4,2,2,4,5,3,3,1,1,1,0,2,0,1,1,0,1,5,4,3,4,3,3,4,4,2,4,3,3,2,3,4,2,1,1
257,2,6,2,1,2,1,2,2,5,3,3,2,3,3,0,8,0,3,5,0,5,5,5,4,4,4,3,4,4,3,4,4,4,3,4,4,3,3,4
258,2,4,1,1,3,3,3,1,4,3,1,1,1,0,0,1,0,0,1,0,1,4,4,4,4,4,3,4,2,2,2,2,2,2,4,4,4,3,3
259,2,4,1,1,4,1,2,2,5,2,2,1,1,1,0,1,0,1,0,0,0,4,4,4,4,4,4,4,4,4,4,4,4,4,4,4,4,4,4
260,1,4,1,1,2,1,1,1,5,3,3,1,1,4,4,4,2,2,4,2,2,5,5,5,5,5,5,4,3,3,3,3,3,3,4,4,4,4,4
261,2,4,1,1,2,1,4,1,5,3,3,1,2,4,2,5,2,2,3,0,3,4,4,4,4,4,4,4,4,4,4,4,3,4,4,3,3,4,3
262,2,6,2,1,2,2,2,4,5,4,4,1,2,0,0,6,0,0,6,0,6,4,4,4,4,4,4,4,4,4,4,4,3,4,4,3,3,3,3
263,1,4,1,1,2,4,2,2,5,4,2,1,1,1,0,3,0,1,2,0,2,1,1,1,1,2,2,1,1,1,2,1,1,1,1,1,2,2,1
264,2,4,1,1,3,3,3,1,5,3,1,1,1,1,1,11,1,0,11,0,11,4,4,4,4,4,4,3,4,4,2,4,4,4,4,4,4,4,4
265,2,6,2,1,2,4,2,4,5,2,3,1,1,0,2,0,0,0,2,2,0,4,4,4,4,4,4,2,2,4,4,2,4,1,5,5,5,5,4
266,2,4,1,1,4,1,2,2,5,2,3,1,1,4,5,4,2,2,5,3,2,4,4,4,4,4,4,4,4,4,4,4,4,4,4,4,4,4,4
267,2,4,1,1,2,3,2,2,6,3,1,1,1,1,0,2,0,1,1,0,1,4,4,4,4,4,4,3,4,2,2,2,2,2,4,4,4,4,3
268,2,6,2,1,2,1,3,2,5,2,2,1,2,4,1,4,1,3,1,0,1,4,4,4,4,4,4,3,3,4,4,4,4,4,4,4,3,3,3
269,1,6,2,1,2,2,4,1,5,3,3,1,1,0,2,1,0,0,3,2,1,3,3,3,3,3,3,3,3,3,3,3,3,3,4,4,4,4,4
270,1,6,2,1,1,2,2,6,5,4,4,1,1,2,0,4,0,2,2,0,2,4,4,4,4,4,4,4,4,4,4,4,4,4,4,4,4,4,4
271,2,1,1,2,2,2,4,3,5,3,3,2,2,4,2,4,2,2,2,0,2,4,4,4,4,4,3,4,4,4,4,4,4,3,3,3,3,3,4
272,3,5,2,2,2,2,2,6,2,3,3,2,2,12,5,11,5,7,4,0,4,4,4,3,4,1,5,4,3,4,4,3,5,5,5,5,5,5,5
273,3,5,2,2,2,2,2,6,2,3,3,1,2,18,12,9,12,6,3,0,3,3,4,3,4,4,5,4,3,4,4,3,5,5,5,4,5,5,3
274,1,4,1,3,2,2,2,3,2,4,3,1,1,1,0,3,0,1,2,0,2,5,4,5,5,1,3,3,3,4,3,3,3,1,4,4,2,2,2
275,2,5,2,1,1,2,4,2,5,4,4,1,1,0,0,0,0,0,0,0,0,3,1,3,3,3,3,1,1,1,3,2,3,3,5,4,3,1,1
276,2,6,2,1,2,2,2,3,6,3,4,1,1,1,0,3,0,1,2,0,2,4,4,1,1,1,1,2,4,2,3,4,4,4,4,4,5,5,3
277,2,5,2,2,2,1,2,6,6,2,2,1,1,0,0,1,0,0,1,0,1,4,3,3,3,4,4,2,3,2,2,4,3,4,4,4,2,2,3
278,2,4,1,1,3,1,1,2,5,2,2,1,1,2,2,2,1,1,2,1,1,2,2,4,4,4,1,2,2,2,2,2,2,2,4,4,4,3,3
279,1,5,2,2,4,1,2,2,2,2,1,2,2,1,0,4,0,1,3,0,3,4,4,4,4,4,4,2,1,2,3,3,3,2,4,4,2,2,1
280,1,4,1,1,2,4,4,1,5,3,2,1,1,1,0,2,0,1,1,0,1,4,4,1,1,1,3,3,4,1,1,4,1,1,4,4,4,4,3
281,2,4,1,1,3,1,3,1,5,2,1,1,3,1,0,2,0,1,1,0,1,4,4,4,4,4,3,3,3,2,4,2,3,1,2,4,4,4,4
282,2,6,2,1,1,4,3,2,5,3,2,1,1,0,3,2,0,0,5,3,2,4,4,3,4,4,3,3,2,4,4,3,4,3,4,4,3,3,3
283,2,4,1,1,1,1,2,2,5,3,2,1,1,4,4,4,2,2,4,2,2,4,4,4,4,4,4,4,4,4,4,4,4,4,4,4,4,4,4
284,1,4,1,1,4,4,4,2,2,3,2,1,2,4,3,2,3,1,1,0,1,4,4,5,5,5,4,4,3,4,2,4,5,5,4,5,5,4,5
285,2,2,1,3,2,1,2,3,4,3,2,1,1,2,4,0,2,0,2,2,0,5,4,5,5,4,3,4,3,5,5,4,5,3,4,3,4,4,5
286,2,6,2,1,2,1,2,3,5,3,2,2,3,9,4,6,4,5,1,0,1,1,4,1,1,1,4,1,4,1,4,4,4,4,1,1,4,4,4
287,1,4,1,3,3,2,2,5,2,3,2,2,3,10,2,16,2,8,8,0,8,4,4,4,4,4,4,4,4,4,4,4,4,4,4,4,4,4,4
288,2,3,1,3,3,2,2,4,6,2,3,1,2,6,8,4,4,2,6,4,2,4,4,4,4,4,4,3,3,4,3,4,4,4,4,4,4,4,4
289,2,6,2,2,2,2,2,5,5,3,4,1,2,4,1,7,0,4,4,1,3,1,1,1,3,1,1,1,1,3,1,3,1,1,4,4,4,4,4
290,2,6,2,1,4,1,4,2,5,3,3,1,2,1,1,4,1,0,4,0,4,4,4,4,4,4,4,4,3,3,4,4,4,2,4,4,3,3,3
291,1,4,1,1,2,1,4,3,5,3,1,1,1,0,0,2,0,0,2,0,2,5,5,5,5,5,5,3,4,4,4,3,3,3,4,5,4,4,1
292,2,6,2,1,4,1,2,4,1,4,2,1,2,2,4,2,2,0,4,2,2,4,2,3,3,1,1,2,2,2,4,3,4,2,4,3,3,3,3
293,1,6,2,1,2,3,1,2,5,3,3,1,1,0,1,0,0,0,1,1,0,5,4,5,4,3,3,3,3,3,4,4,4,3,5,5,5,5,3
294,2,6,2,1,2,3,2,2,5,3,3,1,2,2,0,4,0,2,2,0,2,5,5,5,5,5,5,4,4,4,4,4,4,4,5,5,5,5,5
295,1,4,1,1,2,3,3,2,5,3,3,1,1,1,0,2,0,1,1,0,1,4,3,3,3,3,3,2,3,3,3,3,3,3,3,3,3,3,3
296,1,2,1,3,2,2,2,2,3,3,2,1,1,3,1,3,0,3,1,1,0,3,4,4,4,4,4,4,3,4,4,4,5,4,5,5,4,4,4
297,2,3,1,2,3,3,4,2,4,3,2,2,2,1,2,5,0,1,6,2,4,4,4,4,4,4,3,3,4,4,4,3,4,4,4,4,4,4,4
298,1,1,1,3,3,3,4,3,2,3,3,1,1,2,3,3,1,1,4,2,2,4,4,5,5,4,5,4,4,4,4,4,4,4,5,5,5,5,3
299,1,4,1,1,2,2,2,2,3,3,3,1,2,1,6,5,1,0,10,5,5,5,5,4,5,4,1,5,3,4,5,5,4,1,4,4,3,4,1
300,1,4,1,2,2,2,2,4,2,3,3,2,2,0,3,4,0,0,7,3,4,4,4,4,5,1,3,3,4,4,2,3,4,2,4,5,3,3,2
301,2,4,1,1,3,2,2,3,5,3,3,1,1,1,0,1,0,1,0,0,0,3,3,3,3,3,3,3,3,3,3,3,3,3,4,4,4,4,4
302,2,6,2,1,2,1,2,3,5,2,3,1,2,5,1,7,1,4,3,0,3,5,5,5,5,5,5,5,5,5,5,5,5,5,5,5,5,5,5
303,2,4,1,1,2,3,2,3,5,2,2,1,1,0,0,0,0,0,0,0,0,4,4,4,4,4,4,4,3,4,3,3,3,4,4,4,3,3,4
304,2,6,2,1,2,1,1,2,6,3,3,1,1,1,0,2,0,1,1,0,1,5,5,4,4,3,3,4,4,3,4,2,4,2,4,3,3,3,3
305,2,4,1,1,2,1,4,2,5,3,1,2,1,4,0,8,0,4,4,0,4,4,3,4,4,4,3,3,3,4,4,3,4,4,4,4,4,4,4
306,2,4,1,1,2,1,2,2,5,2,2,1,1,0,0,2,0,0,2,0,2,5,4,4,4,4,4,3,4,2,4,3,4,2,5,5,2,2,4
307,2,6,2,1,3,3,3,2,5,3,2,2,2,4,0,8,0,4,4,0,4,5,5,5,5,5,5,5,5,5,5,5,5,4,5,4,4,4,4
308,2,3,1,2,2,2,2,1,6,2,2,1,1,3,3,2,3,0,2,0,2,3,4,2,3,1,5,4,4,1,3,1,1,5,1,1,1,1,3
309,1,6,2,1,2,3,3,2,1,3,3,1,1,1,1,0,1,0,0,0,0,4,3,3,4,4,3,3,3,3,3,3,4,2,4,4,4,4,4
310,1,4,1,1,2,2,2,1,1,3,1,1,1,2,0,2,0,2,0,0,0,3,3,2,4,4,1,2,3,4,3,3,3,3,1,1,1,1,1
311,1,5,2,1,4,2,2,1,2,3,3,1,3,0,0,10,0,0,10,0,10,4,3,4,4,4,3,4,3,5,4,3,3,4,4,3,4,4,2
312,1,5,2,1,2,1,2,3,5,3,2,1,1,2,0,4,0,2,2,0,2,5,5,5,5,5,5,4,4,2,4,4,5,5,4,4,4,4,4
313,2,5,2,1,2,2,2,2,5,3,2,2,2,0,0,4,0,0,4,0,4,3,3,3,3,3,3,3,3,3,3,3,3,3,3,3,3,3,3
314,2,5,2,1,2,2,2,2,5,2,1,1,2,0,0,4,0,0,4,0,4,5,4,1,1,1,1,3,2,1,2,4,4,2,5,5,4,3,1
315,2,6,2,2,3,4,2,6,6,3,3,1,1,2,0,4,0,2,2,0,2,4,4,4,4,4,4,4,4,4,4,4,4,3,4,4,4,4,3
316,2,6,2,1,2,2,2,2,5,3,3,1,2,0,0,5,0,0,5,0,5,5,4,2,4,1,1,4,3,2,4,4,5,2,1,3,2,2,2
317,1,5,2,1,4,3,3,2,5,3,3,1,1,2,4,1,2,0,3,2,1,4,3,3,3,3,2,3,4,3,4,3,3,4,5,5,5,5,5
318,2,4,1,1,4,1,1,1,5,2,2,1,1,0,4,3,0,0,7,4,3,4,4,3,3,3,3,4,4,4,4,4,4,3,5,4,4,4,4
319,2,5,2,1,2,2,2,3,5,3,2,2,2,1,0,4,0,1,3,0,3,4,4,4,2,2,2,3,4,1,3,4,4,1,4,4,4,4,2
320,1,5,2,1,2,4,2,2,6,3,3,1,1,2,0,4,0,2,2,0,2,4,4,4,3,2,4,3,3,3,4,3,4,3,4,4,4,4,3
321,2,5,2,1,4,3,3,2,6,3,3,1,1,0,0,10,0,0,10,0,10,4,4,4,4,4,4,4,3,4,4,4,4,3,4,4,4,3,4
322,2,5,2,1,4,1,4,2,5,3,3,1,1,0,1,1,0,0,2,1,1,4,4,5,5,5,4,4,4,4,4,4,4,4,4,4,4,4,4
323,2,5,2,1,2,1,2,2,5,1,2,1,1,7,0,14,0,7,7,0,7,5,5,5,4,5,5,3,3,3,3,3,3,3,5,5,5,5,1
324,1,5,2,1,3,1,2,2,5,2,3,1,1,2,0,4,0,2,2,0,2,4,3,3,3,3,3,4,2,2,3,2,3,4,4,4,2,2,2
325,2,5,2,1,4,2,2,2,5,2,1,1,3,3,3,4,1,2,4,2,2,3,4,3,3,3,1,4,4,2,4,4,4,3,3,3,4,4,3
326,2,5,2,1,2,1,2,2,5,3,2,2,2,5,1,9,1,4,5,0,5,4,4,4,4,4,2,4,4,4,4,4,4,3,4,4,4,4,3
327,2,5,2,1,2,3,3,2,5,2,1,2,1,5,4,6,2,3,5,2,3,4,4,4,4,4,4,3,3,3,3,3,4,4,4,4,4,4,3
328,1,6,2,2,4,1,1,4,1,4,4,1,1,2,0,4,0,2,2,0,2,4,3,2,2,2,2,4,4,2,1,2,4,2,4,4,4,4,2
329,2,5,2,1,4,2,2,2,5,2,2,1,1,2,0,4,0,2,2,0,2,4,4,4,5,4,4,4,4,4,4,4,4,4,4,4,4,4,4
330,2,5,2,1,2,3,1,2,6,2,1,1,2,3,4,2,2,1,3,2,1,3,3,3,3,3,3,3,3,3,3,3,3,2,3,3,3,3,3
331,2,5,2,1,2,3,4,1,5,3,4,1,1,2,2,2,0,2,2,2,0,4,4,2,2,2,2,3,4,4,4,4,4,3,4,4,2,2,4
332,2,5,2,1,2,3,3,1,5,3,3,1,2,5,0,6,0,5,1,0,1,3,3,3,3,3,3,3,3,3,3,3,3,3,3,3,3,3,3
333,1,4,1,1,4,2,2,1,1,4,4,2,2,7,8,5,5,2,6,3,3,1,1,1,1,1,1,1,1,1,1,1,1,1,1,1,1,1,1
334,2,5,2,1,4,4,4,2,6,2,2,1,1,0,0,3,0,0,3,0,3,5,4,4,4,4,4,5,4,4,4,4,4,4,5,5,4,4,4
335,1,5,2,1,2,3,2,3,2,3,3,1,1,0,1,0,0,0,1,1,0,4,4,4,4,4,3,3,3,4,4,3,4,3,4,4,3,3,3
336,2,1,1,3,2,2,2,5,6,3,2,2,2,5,1,7,1,4,3,0,3,3,4,3,3,4,3,3,3,4,4,4,4,4,4,4,4,4,4
337,2,5,2,1,2,2,2,1,5,3,2,1,1,2,1,3,0,2,2,1,1,4,2,4,4,4,5,4,4,2,4,4,4,3,4,4,4,4,2
338,1,5,2,1,4,3,3,2,5,2,3,1,1,0,0,0,0,0,0,0,0,4,4,2,2,2,2,3,4,4,4,4,4,4,4,4,4,4,2
339,2,5,2,1,3,2,2,3,5,3,2,3,1,2,1,3,1,1,2,0,2,4,4,4,4,4,4,4,3,4,1,3,4,4,4,4,4,4,4
340,2,5,2,1,1,3,3,1,5,2,2,1,1,0,0,0,0,0,0,0,0,5,4,4,4,4,4,4,3,4,4,4,3,3,4,4,3,3,3
341,2,5,2,1,2,1,2,3,1,4,4,1,1,3,1,2,1,2,0,0,0,4,4,4,4,4,4,4,3,3,4,4,4,4,4,4,4,4,4
342,2,5,2,1,2,1,3,1,5,3,2,1,1,2,2,2,1,1,2,1,1,3,4,3,4,4,2,4,3,5,4,3,3,2,4,5,5,4,4
343,2,2,1,1,2,1,2,2,5,3,3,1,2,4,0,5,0,4,1,0,1,3,3,5,5,3,1,3,3,5,3,4,4,1,4,3,4,3,5
344,2,2,1,3,3,2,2,2,5,2,1,2,1,1,0,2,0,1,1,0,1,4,4,5,3,2,4,3,4,4,4,4,4,3,4,4,4,3,2
345,1,4,1,2,2,2,2,1,6,3,3,1,1,0,0,0,0,0,0,0,0,1,3,1,5,1,1,1,1,1,1,1,1,1,1,1,1,1,1
346,2,1,1,1,2,2,1,4,6,2,4,1,2,2,2,2,1,1,2,1,1,4,4,2,4,4,4,4,4,4,4,4,4,2,4,4,3,2,4
347,1,6,2,2,2,2,2,2,1,3,2,1,2,6,2,10,0,6,6,2,4,4,4,4,4,4,4,3,3,3,3,4,3,4,3,3,3,3,4
348,2,1,1,1,2,2,2,2,3,3,3,2,2,3,2,3,1,2,2,1,1,4,4,4,4,4,4,4,4,4,4,4,4,4,4,4,4,4,4
349,2,6,2,1,3,3,2,3,5,4,3,2,1,0,0,2,0,0,2,0,2,4,4,5,4,4,4,4,5,4,5,4,4,5,4,5,5,5,5
350,2,5,2,1,2,1,2,2,5,3,2,1,2,3,0,6,0,3,3,0,3,4,4,4,4,4,2,4,4,4,4,4,4,3,4,4,4,4,4
352,2,6,2,1,3,3,3,2,5,3,2,2,2,0,0,4,0,0,4,0,4,4,4,4,4,4,4,4,4,4,4,4,4,4,4,4,4,4,4
353,1,2,1,4,3,2,2,1,1,3,3,1,1,6,5,5,3,3,4,2,2,4,4,4,4,3,3,4,3,4,4,4,4,3,5,5,4,4,3
354,2,6,2,1,2,2,2,2,5,3,3,2,2,3,0,6,0,3,3,0,3,1,1,4,4,4,4,4,4,4,4,4,4,4,4,4,4,4,4
355,1,4,1,2,2,2,2,6,5,4,4,1,2,2,0,4,0,2,2,0,2,4,4,4,4,1,3,1,1,4,3,1,5,5,5,5,5,5,1
356,3,5,2,1,3,1,3,1,6,2,1,1,1,0,0,0,0,0,0,0,0,4,4,4,4,4,4,3,3,3,3,3,3,3,3,4,3,3,3
357,1,2,1,4,4,2,2,6,6,4,3,3,3,0,0,0,0,0,0,0,0,5,5,5,5,5,5,5,5,5,5,5,5,5,5,5,5,5,5
358,2,2,1,4,2,2,2,6,4,3,1,1,1,2,0,2,0,2,0,0,0,3,4,4,3,4,2,3,3,4,4,3,4,4,4,4,3,3,4
359,2,5,2,2,2,1,2,3,2,2,3,1,1,0,0,2,0,0,2,0,2,3,4,3,4,3,3,3,4,2,3,3,2,2,4,4,3,3,3
360,1,5,2,2,2,2,2,3,1,3,3,1,1,2,2,1,1,1,1,1,0,4,3,5,4,3,4,4,4,4,4,3,4,4,3,4,4,3,4
361,2,4,1,2,2,2,2,3,5,1,2,1,1,0,0,3,0,0,3,0,3,5,5,5,5,5,5,5,5,5,5,5,5,5,3,3,3,3,3
362,1,1,1,3,2,1,2,3,6,2,2,1,1,0,1,0,0,0,1,1,0,3,3,4,4,4,3,3,2,4,4,2,4,2,4,4,3,3,4
363,2,2,1,3,4,2,2,6,5,3,4,1,2,3,2,3,1,2,2,1,1,5,5,5,5,2,2,4,4,3,5,5,4,4,3,5,3,2,4
364,1,2,1,3,3,1,2,3,2,2,3,1,1,1,0,1,0,1,0,0,0,5,5,5,5,3,3,3,4,3,3,3,4,1,2,4,4,4,2
365,2,6,2,1,4,3,3,1,5,2,1,1,2,1,1,5,1,0,5,0,5,4,4,4,4,4,4,3,2,3,3,3,3,2,4,4,4,3,3
366,1,6,2,1,1,1,3,3,5,4,3,1,1,2,0,4,0,2,2,0,2,4,4,4,4,4,3,4,4,4,4,4,3,2,4,4,3,3,3
367,3,3,1,1,2,1,2,2,5,4,4,2,3,10,6,4,6,4,0,0,0,5,4,4,5,3,3,5,4,4,4,4,5,3,4,5,4,3,5
368,1,2,1,3,2,1,2,2,1,3,2,2,1,3,1,5,1,2,3,0,3,1,1,3,3,3,3,1,3,2,2,3,1,1,1,1,1,1,1
369,2,2,1,3,4,3,3,4,3,3,2,1,2,3,7,3,2,1,7,5,2,4,3,4,3,2,3,2,3,4,4,3,4,3,4,4,3,3,3
370,2,1,1,3,2,1,1,3,1,3,3,1,1,4,4,4,2,2,4,2,2,4,4,4,4,5,5,4,4,4,4,4,5,5,4,5,5,5,4
371,2,5,2,1,2,2,2,3,6,3,3,1,2,2,0,4,0,2,2,0,2,4,4,4,4,1,1,4,4,4,1,4,4,4,4,4,4,4,1
372,1,3,1,1,4,4,4,3,2,3,2,1,2,4,0,8,0,4,4,0,4,4,4,3,3,3,3,3,3,3,3,3,3,2,4,4,3,3,4
373,1,1,1,4,2,3,3,3,5,3,3,1,1,0,1,1,0,0,2,1,1,5,5,2,2,5,5,4,4,4,3,4,4,3,4,4,4,4,4
374,1,5,2,2,3,2,2,1,2,3,3,1,3,8,0,16,0,8,8,0,8,4,4,4,4,4,3,4,3,3,2,4,4,3,4,4,4,4,3
375,1,4,1,1,2,1,2,4,2,4,2,1,2,4,2,3,2,2,1,0,1,4,5,1,3,1,1,4,4,4,3,4,5,1,4,4,2,2,5
376,2,4,1,2,2,1,2,3,5,4,3,2,2,4,0,8,0,4,4,0,4,4,4,4,4,4,4,4,4,4,4,4,4,4,4,4,4,4,4
377,1,2,1,3,2,1,2,2,6,3,3,1,2,0,0,0,0,0,0,0,0,4,3,3,4,3,4,4,4,3,3,4,4,3,3,4,4,3,3
378,1,1,1,4,2,1,2,2,5,2,2,1,1,0,2,1,0,0,3,2,1,4,4,4,4,4,4,2,2,5,3,3,3,2,5,5,5,3,1
379,1,2,1,3,2,1,2,5,1,3,3,1,2,4,2,2,2,2,0,0,0,4,4,4,4,4,4,4,3,4,3,3,4,3,4,4,4,4,4
380,1,1,1,4,2,1,1,2,6,1,2,1,1,0,5,0,0,0,5,5,0,4,3,4,4,4,3,3,3,4,4,3,3,2,4,4,4,4,3
381,1,2,1,3,1,1,2,3,1,2,2,1,1,1,0,1,0,1,0,0,0,5,5,5,4,1,3,1,4,1,1,1,1,1,5,5,5,5,5
382,1,1,1,4,4,3,3,5,5,2,1,1,1,0,0,0,0,0,0,0,0,4,4,4,4,4,3,4,3,5,2,5,3,5,4,5,5,5,5
383,1,1,1,3,4,2,2,4,1,3,2,1,1,1,0,2,0,1,1,0,1,1,1,1,1,1,1,1,1,1,1,1,1,1,2,2,2,2,2
384,2,6,2,1,2,3,3,1,5,2,2,1,2,4,0,8,0,4,4,0,4,5,4,4,3,3,3,4,4,2,4,2,3,3,4,4,3,3,3
385,1,1,1,3,4,1,2,5,3,3,3,2,2,7,6,8,3,4,7,3,4,4,4,4,3,4,2,4,3,4,4,4,3,2,5,5,3,3,4
386,1,2,1,3,2,2,3,4,6,3,3,1,2,3,3,5,1,2,5,2,3,4,4,5,5,1,4,4,4,4,5,5,5,4,4,5,4,4,5
387,2,2,1,3,2,2,2,6,1,4,4,3,3,6,0,9,0,6,3,0,3,4,5,3,1,1,1,5,5,5,5,5,5,5,4,4,3,3,4
388,1,5,2,1,2,3,2,2,2,3,3,1,3,0,2,6,0,0,8,2,6,4,4,1,1,1,1,4,4,4,4,4,4,4,4,4,4,4,1
389,1,1,1,3,2,1,2,4,5,4,3,1,2,5,3,3,3,2,1,0,1,4,5,5,5,3,1,4,3,5,5,3,5,3,2,2,4,4,5
390,2,4,1,1,4,3,4,1,1,3,2,2,2,3,0,6,0,3,3,0,3,5,5,5,5,5,5,5,5,1,5,5,1,5,5,5,5,5,5
391,1,2,1,3,2,2,2,3,3,3,3,1,2,5,0,7,0,5,2,0,2,4,5,4,5,5,3,4,4,5,5,5,5,5,5,5,5,4,4
392,1,4,1,3,2,2,2,5,2,4,3,1,1,2,2,0,2,0,0,0,0,1,1,1,1,1,1,1,1,1,1,1,1,1,1,1,1,1,1
393,1,5,2,1,2,2,4,2,2,2,2,1,1,3,0,3,0,3,0,0,0,4,4,4,4,4,4,4,4,4,4,4,4,4,4,4,4,4,4
394,2,5,2,1,2,2,4,1,5,2,1,1,1,2,1,3,1,1,2,0,2,3,3,4,4,4,4,4,3,3,3,3,4,4,4,4,4,4,4
395,2,5,2,1,2,1,2,3,5,2,2,1,1,2,0,4,0,2,2,0,2,4,4,4,4,4,4,3,3,4,3,3,4,4,3,3,3,3,3
396,2,5,2,1,2,2,2,2,5,2,2,1,1,0,0,2,0,0,2,0,2,4,4,4,4,2,2,2,3,4,4,3,4,2,4,4,2,2,3
397,2,5,2,1,3,2,4,2,5,4,3,1,1,0,0,1,0,0,1,0,1,3,3,4,3,3,3,2,2,2,3,3,2,3,4,4,4,4,2
398,1,5,2,1,2,3,3,1,6,1,1,1,1,4,4,4,2,2,4,2,2,4,3,3,3,3,3,3,3,3,3,3,3,3,5,5,5,5,5
399,2,1,1,3,4,2,2,3,5,2,3,1,1,2,2,0,2,0,0,0,0,3,2,4,4,1,1,2,3,5,3,3,3,3,3,4,4,4,4
400,1,4,1,3,1,2,2,3,2,3,3,1,2,2,2,5,2,0,5,0,5,1,1,4,4,4,4,3,3,2,1,1,1,3,1,2,1,1,4
401,1,4,1,3,2,2,2,5,6,3,3,3,3,10,7,6,7,3,3,0,3,3,3,4,4,2,3,4,3,4,4,4,4,3,2,2,4,2,4
402,1,4,1,3,2,2,2,3,2,3,3,2,2,3,3,4,2,1,4,1,3,1,1,1,1,4,3,1,1,1,2,1,1,1,1,1,1,1,1
403,2,5,2,1,2,1,1,5,4,2,2,1,2,5,3,5,1,4,3,2,1,4,4,3,5,2,3,4,4,4,3,4,2,5,5,5,5,5,3
404,1,4,1,1,2,2,1,6,2,3,3,2,2,2,4,4,2,0,6,2,4,5,5,4,4,4,4,4,4,4,4,4,4,4,5,5,5,5,5
405,2,5,2,1,3,2,2,2,5,2,3,1,1,0,0,1,0,0,1,0,1,4,4,4,3,3,3,3,3,3,4,3,3,3,4,4,4,3,3
406,1,5,2,1,1,3,3,2,5,3,3,1,1,2,1,2,1,1,1,0,1,4,4,4,4,4,4,4,4,4,3,3,3,4,4,4,4,4,4
407,2,4,1,3,3,1,3,3,2,3,3,1,2,3,3,2,2,1,2,1,1,4,4,4,4,4,4,4,5,5,5,5,5,4,5,5,5,5,5
408,2,5,2,1,2,2,2,2,5,2,1,1,1,0,0,0,0,0,0,0,0,3,3,3,3,3,3,3,3,3,3,3,3,3,4,4,4,4,4
409,2,6,2,1,2,3,4,2,5,4,3,2,3,10,5,10,5,5,5,0,5,1,1,1,1,1,1,1,1,1,1,1,1,1,1,1,1,1,1
410,1,5,2,1,4,3,3,2,3,3,2,1,1,2,1,2,1,1,1,0,1,4,4,4,4,4,3,3,3,4,3,3,4,3,4,4,4,4,3
411,2,6,2,1,4,3,3,3,5,3,2,2,2,6,0,6,0,6,0,0,0,4,4,4,5,4,3,4,3,4,3,4,4,3,5,5,5,5,5
412,1,6,2,1,2,4,2,1,5,3,3,1,1,0,0,1,0,0,1,0,1,4,4,4,4,4,4,4,4,4,2,4,4,4,4,4,4,4,4
413,3,6,2,1,2,1,2,2,5,3,3,1,1,0,7,10,0,0,17,7,10,4,4,3,4,4,4,2,2,3,2,2,4,3,2,2,2,2,2
414,2,4,1,3,2,1,2,6,5,3,3,2,3,2,4,6,2,0,8,2,6,4,4,4,4,3,4,4,3,4,4,3,4,4,4,4,3,3,4
415,1,4,1,3,2,1,2,3,2,4,4,1,2,5,3,4,3,2,2,0,2,5,5,1,1,1,1,5,3,4,5,4,5,5,5,5,3,3,3
416,2,6,2,2,2,1,2,2,3,4,4,2,1,2,0,3,0,2,1,0,1,4,4,3,2,2,4,2,2,2,4,3,4,5,5,5,3,4,3
417,2,4,1,3,3,2,2,2,2,4,2,1,2,5,2,6,2,3,3,0,3,5,5,5,5,5,5,4,4,4,4,4,4,4,5,5,5,5,5
418,1,2,1,3,2,2,2,6,6,3,3,2,2,1,0,2,0,1,1,0,1,4,3,4,4,3,3,4,3,2,4,4,4,3,3,4,4,3,3
419,2,4,1,2,2,2,2,2,5,2,3,1,1,2,1,1,1,1,0,0,0,4,4,3,3,2,2,3,3,4,3,3,4,4,4,4,3,3,2
420,1,2,1,2,2,2,2,3,1,3,3,1,2,4,2,4,2,2,2,0,2,4,4,4,4,4,4,4,4,4,2,2,3,3,4,4,3,3,4
421,2,4,1,3,2,3,2,3,6,2,2,1,1,0,0,0,0,0,0,0,0,1,4,1,1,4,4,3,3,2,1,1,4,4,1,1,4,4,4
422,2,6,2,1,4,3,2,6,5,3,3,1,1,3,0,6,0,3,3,0,3,4,4,4,4,4,4,3,3,4,4,4,3,3,4,4,4,4,4
423,1,6,2,1,3,4,4,2,1,2,1,1,2,5,0,5,0,5,0,0,0,4,4,3,3,3,3,4,2,2,3,3,4,2,3,4,3,3,3
424,1,1,1,3,4,1,2,1,6,2,3,1,1,4,5,2,3,1,3,2,1,4,4,5,5,5,5,4,5,5,5,5,5,2,5,5,5,5,5
425,1,6,2,2,2,2,2,2,6,3,4,1,1,0,0,1,0,0,1,0,1,4,4,3,1,1,1,2,4,1,3,5,5,1,2,5,4,4,1
